
INSERT INTO public.the_user (id, display_name, password, username) VALUES (-1, 'Nate Ellsworth', 'password', 'nate');
INSERT INTO public.the_user (id, display_name, password, username) VALUES (-2, 'Jason', 'password', 'jason');



INSERT INTO public.account (id, available_balance, bank_rate, credit, date, debit, description, posted_balance, rate_difference, t_bill_rate, term, title, type, user_id) VALUES (-1, '-', '0.0008%', '-', '2016-12-01', '$1,000.00', 'EB to US Treasury Dept', '$135,000.00', '+44,478.3%', '0.37%', '1 Month', 'Savings', 'Transfer', -1);
INSERT INTO public.account (id, available_balance, bank_rate, credit, date, debit, description, posted_balance, rate_difference, t_bill_rate, term, title, type, user_id) VALUES (-2, '-', '0.0008%', '-', '2016-12-01', '$1,000.00', 'EB to US Treasury Dept', '$134,000.00', '+44,478.3%', '0.37%', '1 Month', 'Savings', 'Transfer', -1);
INSERT INTO public.account (id, available_balance, bank_rate, credit, date, debit, description, posted_balance, rate_difference, t_bill_rate, term, title, type, user_id) VALUES (-3, '-', '0.0008%', '-', '2016-12-01', '$1,000.00', 'EB to US Treasury Dept', '$133,000.00', '+44,478.3%', '0.37%', '1 Month', 'Savings', 'Transfer', -1);
INSERT INTO public.account (id, available_balance, bank_rate, credit, date, debit, description, posted_balance, rate_difference, t_bill_rate, term, title, type, user_id) VALUES (-4, '-', '0.0008%', '-', '2016-12-01', '$1,000.00', 'EB to US Treasury Dept', '$132,000.00', '+44,478.3%', '0.37%', '1 Month', 'Savings', 'Transfer', -1);
INSERT INTO public.account (id, available_balance, bank_rate, credit, date, debit, description, posted_balance, rate_difference, t_bill_rate, term, title, type, user_id) VALUES (-5, '-', '0.0025%', '-', '2016-12-01', '$5,000.00', 'EB to US Treasury Dept', '$131,000.00', '+19,780%', '0.497%', '3 Months', 'Savings', 'Transfer', -1);
INSERT INTO public.account (id, available_balance, bank_rate, credit, date, debit, description, posted_balance, rate_difference, t_bill_rate, term, title, type, user_id) VALUES (-6, '$9,000.00', '-', '$9,000.00', '2016-12-01', '-', 'EB from Checking #2694317712', '-', '-', '-', '-', 'Savings', 'Transfer', -1);
INSERT INTO public.account (id, available_balance, bank_rate, credit, date, debit, description, posted_balance, rate_difference, t_bill_rate, term, title, type, user_id) VALUES (-7, '-', '0.0025%', '-', '2016-10-03', '$5,000.00', 'EB to US Treasury Dept', '$126,000.00', '+9,900%', '0.25%', '3 Months', 'Savings', 'Transfer', -1);
INSERT INTO public.account (id, available_balance, bank_rate, credit, date, debit, description, posted_balance, rate_difference, t_bill_rate, term, title, type, user_id) VALUES (-8, '$5,000.00', '-', '$5,000.00', '2016-10-03', '-', 'EB from Checking #2694317712', '-', '-', '-', '-', 'Savings', 'Transfer', -1);
INSERT INTO public.account (id, available_balance, bank_rate, credit, date, debit, description, posted_balance, rate_difference, t_bill_rate, term, title, type, user_id) VALUES (-9, '-', '0.005%', '-', '2016-08-15', '$10,000.00', 'EB to US Treasury Dept', '$121,000.00', '+10,700%', '0.54%', '6 Months', 'Savings', 'Transfer', -1);
INSERT INTO public.account (id, available_balance, bank_rate, credit, date, debit, description, posted_balance, rate_difference, t_bill_rate, term, title, type, user_id) VALUES (-10, '$10,000.00', '-', '$10,000.00', '2016-08-15', '-', 'EB from Checking #2694317712', '-', '-', '-', '-', 'Savings', 'Transfer', -1);
INSERT INTO public.account (id, available_balance, bank_rate, credit, date, debit, description, posted_balance, rate_difference, t_bill_rate, term, title, type, user_id) VALUES (-11, '-', '0.0008%', '-', '2016-07-04', '$1,000.00', 'EB to US Treasury Dept', '$111,000.00', '+33,513.4%', '0.28%', '1 Month', 'Savings', 'Transfer', -1);
INSERT INTO public.account (id, available_balance, bank_rate, credit, date, debit, description, posted_balance, rate_difference, t_bill_rate, term, title, type, user_id) VALUES (-12, '-', '0.0008%', '-', '2016-07-04', '$1,000.00', 'EB to US Treasury Dept', '$110,000.00', '+33,513.4%', '0.28%', '1 Month', 'Savings', 'Transfer', -1);
INSERT INTO public.account (id, available_balance, bank_rate, credit, date, debit, description, posted_balance, rate_difference, t_bill_rate, term, title, type, user_id) VALUES (-13, '-', '0.0008%', '-', '2016-07-04', '$1,000.00', 'EB to US Treasury Dept', '$109,000.00', '+33,513.4%', '0.28%', '1 Month', 'Savings', 'Transfer', -1);
INSERT INTO public.account (id, available_balance, bank_rate, credit, date, debit, description, posted_balance, rate_difference, t_bill_rate, term, title, type, user_id) VALUES (-14, '-', '0.0008%', '-', '2016-07-04', '$1,000.00', 'EB to US Treasury Dept', '$108,000.00', '+33,513.4%', '0.28%', '1 Month', 'Savings', 'Transfer', -1);
INSERT INTO public.account (id, available_balance, bank_rate, credit, date, debit, description, posted_balance, rate_difference, t_bill_rate, term, title, type, user_id) VALUES (-15, '$4,000.00', '-', '$4,000.00', '2016-07-04', '-', 'EB from Checking #2694317712', '-', '-', '-', '-', 'Savings', 'Transfer', -1);
INSERT INTO public.account (id, available_balance, bank_rate, credit, date, debit, description, posted_balance, rate_difference, t_bill_rate, term, title, type, user_id) VALUES (-16, '-', '0.0025%', '-', '2016-06-07', '$1,000.00', 'EB to US Treasury Dept', '$107,000.00', '+10,300%', '0.26%', '3 Months', 'Savings', 'Transfer', -1);
INSERT INTO public.account (id, available_balance, bank_rate, credit, date, debit, description, posted_balance, rate_difference, t_bill_rate, term, title, type, user_id) VALUES (-17, '-', '0.0025%', '-', '2016-06-07', '$1,000.00', 'EB to US Treasury Dept', '$106,000.00', '+10,300%', '0.26%', '3 Months', 'Savings', 'Transfer', -1);
INSERT INTO public.account (id, available_balance, bank_rate, credit, date, debit, description, posted_balance, rate_difference, t_bill_rate, term, title, type, user_id) VALUES (-18, '-', '0.005%', '-', '2016-06-07', '$5,000.00', 'EB to US Treasury Dept', '$105,000.00', '+11,100%', '0.56%', '6 Months', 'Savings', 'Transfer', -1);
INSERT INTO public.account (id, available_balance, bank_rate, credit, date, debit, description, posted_balance, rate_difference, t_bill_rate, term, title, type, user_id) VALUES (-19, '$7,000.00', '-', '$7,000.00', '2016-06-07', '-', 'EB from Checking #2694317712', '-', '-', '-', '-', 'Savings', 'Transfer', -1);
INSERT INTO public.account (id, available_balance, bank_rate, credit, date, debit, description, posted_balance, rate_difference, t_bill_rate, term, title, type, user_id) VALUES (-20, '-', '0.0025%', '-', '2016-10-03', '$5,000.00', 'EB to US Treasury Dept', '$126,000.00', '+9,900%', '0.25%', '3 Months', 'Savings', 'Transfer', -2);
INSERT INTO public.account (id, available_balance, bank_rate, credit, date, debit, description, posted_balance, rate_difference, t_bill_rate, term, title, type, user_id) VALUES (-21, '$5,000.00', '-', '$5,000.00', '2016-10-03', '-', 'EB from Checking #2694317712', '-', '-', '-', '-', 'Savings', 'Transfer', -2);
INSERT INTO public.account (id, available_balance, bank_rate, credit, date, debit, description, posted_balance, rate_difference, t_bill_rate, term, title, type, user_id) VALUES (-22, '-', '0.005%', '-', '2016-08-15', '$10,000', 'EB to US Treasury Dept', '$121,000.00', '+10,700%', '0.54%', '6 Months', 'Savings', 'Transfer', -2);
INSERT INTO public.account (id, available_balance, bank_rate, credit, date, debit, description, posted_balance, rate_difference, t_bill_rate, term, title, type, user_id) VALUES (-23, '$10,000.00', '-', '$10,000.00', '2016-08-15', '-', 'EB from Checking #2694317712', '-', '-', '-', '-', 'Savings', 'Transfer', -2);


INSERT INTO public.permission (id, description, key) VALUES (-1, 'Admin User (ability to add other users)', 'ADMIN_ADD_USER');
INSERT INTO public.permission (id, description, key) VALUES (-2, 'Allow Treasury Bill Purchases', 'USER_BUY_TBILLS');
INSERT INTO public.permission (id, description, key) VALUES (-3, 'Allow User to Edit Transactions', 'USER_EDIT_TRANSACTIONS');


INSERT INTO public.the_user_abilities (the_user_id, abilities_id) VALUES (-1, -1);
INSERT INTO public.the_user_abilities (the_user_id, abilities_id) VALUES (-1, -2);
INSERT INTO public.the_user_abilities (the_user_id, abilities_id) VALUES (-1, -3);

INSERT INTO public.the_user_abilities (the_user_id, abilities_id) VALUES (-2, -1);
INSERT INTO public.the_user_abilities (the_user_id, abilities_id) VALUES (-2, -2);
INSERT INTO public.the_user_abilities (the_user_id, abilities_id) VALUES (-2, -3);

